date,comment,recommend_count,unrecommend_count,reply_count
2024.06.29. 10:15,발볼이 넓은사람은 나이키가 불편해서 안신게됨,1095,34,36
2024.06.29. 09:59,난 나이키만 신는데? 신발은 나이키,968,381,47
2024.06.29. 10:02,디자인으로 신는거지 발이 편하진않음,321,37,15
2024.06.29. 10:12,발이 더 편하거나 디자인이 좋거나 하는 신발들이 많아졌지 사실 경쟁력이 없잖아,204,12,4
2024.06.29. 11:24,뉴발란스가 확실히 편해요. 이번에 아디다스 삼바도 사봤는데 나이키보다는 편하더라고요. 나이키는 발볼이 너무 좁아요 ㅠㅠ,88,6,3
2024.06.29. 11:52,발볼이 너무좁다,70,0,1
2024.06.29. 12:22,허구한날 한정판이라고 콜라보네뭐네 출시소식만 주구장창 뿌리고 막상 매장가면 그림자구경도 못하는 신발들로 기만하더니 꼴좋타 ㅋㅋㅋ,64,1,0
2024.06.29. 15:18,잘나가던 시절에 충성 고객들이 나이가 들어버렸어...그러다 보니 브랜드도 같이 늙어버림,41,1,1
2024.06.29. 10:54,스케쳐스 한번 신어보세요. 착용감 최고고 디자인도 정말 굿이예요. 2개 있어요.,51,13,5
2024.06.29. 18:58,"솔직히 나이키가 편하다고요..????진심 레알이세요??ㅋㅋ그똑같은 가격대로 아디다스,뉴발신는게 훨 더 편하지 아니 무슨 운동화를 칼발같이 만들어놨어…발볼에 맞춰서 심을려면 한치수 크게 사야하는데 그렇게 사면 뒷꿈치가 남음…그래서 끈을 당겨서 묶게됨 그러면 또 발볼이 불편해짐",36,5,0
2024.06.29. 11:45,제목다는 꼬라지보소... ㅉㅉㅉ “요새 누가 국민일보 봐요” ㅋㅋㅋㅋ 기분좋지? ㅎ,34,6,0
2024.06.29. 09:58,나이키 많이 신던데,28,3,0
2024.06.29. 12:01,아시아인과 아시아환경적측면을 많이 고려하지않는 브랜드같음.옷은 절대적으로크고 길고 신발은 좁고 길고 . 그걸또 힙하다고 입는 애들ㅋㅋ,25,5,0
2024.06.29. 13:03,나이키는 가격대비 품질이 엉망...나이키보다 싸고 품질좋은 물건이 수두룩한데 모델에 거액을 지불하고 품질경쟁을 하려니 가성비가 떨어질수밖에 없지.,20,0,0
2024.06.29. 13:52,PC하다가 망하겠네,19,2,1
2024.06.29. 10:56,솔직히 메이커 값임. 이넘들 인체공학적 편안함 같은건 신경도 안쓰는거 같은데. 그저께 나이키 슬리퍼 샀는데 역시나 그지같은 착용감ㅜㅜ,19,3,0
2024.06.29. 16:26,동양인은 발볼 넓어서 나이키랑은 잘 안맞는듯,17,2,0
2024.06.29. 10:54,유행은 결국 돌고 돈다. 저가 매수 적기임!!,15,4,2
2024.06.29. 13:40,아식스가 대세인듯,15,6,0
2024.06.29. 12:47,옷이나 신발제질도 예전보다 질도많이떠러졌고 가격은 더올랐으니 구입하는 사람들이 저조할수밖에 디자인자체도 많이 못미치는것같음!!,11,2,0
2024.06.29. 15:18,흑인 뚱녀 모델 파급력이 큼 pc 폐미묻으면 외국에서도 죄다 나락가고있는데 꾸역꾸역 정신병 사상 강요하는 애들때문에 멀쩡한 기업들도 줄줄이 나락가는중,11,3,0
2024.06.29. 17:55,90년대 나이키 발이 편하고 좋은신발이었는데. 요즘 그렇지도 않음....볼좁고 무겁고 가격대비 퀄이 안나옴.,8,0,0
2024.06.29. 11:18,브랜드는 프로스펙스지,9,2,2
2024.06.29. 16:08,이제 러닝용은 호카나 아식스가 좋은걸 신어보면 다 아니까. 발볼이 넓고 발등이 높은 동양인에겐 호카 신어보면 꿀맛임. 아식스도 그렇고. 나이키는 오히려 너무 제품이 다양화되면서 전문성이 부족하고 발볼이 좁아 불편,6,0,0
2024.06.29. 16:06,"비전이 안보여서 하락세는 맞는데, 오리지날로 연명하는 아디다스보다는 백배 낫다… 포지션을 대체할 브랜드도 딱히 없음",6,0,0
2024.06.29. 15:08,나이키신발은 볼이너무좁아서 아파요.,6,0,0
2024.06.29. 16:16,운동화 편한걸로 치면 아식스가 제일 편하더라,11,6,0
2024.06.29. 15:22,페미 뭍으면 안사게되더라... 대체 브랜드도 많고 앞으로 평생 안살듯,8,3,0
2024.06.29. 16:24,이뿐데 어떤 디자인은 뒷꿈치 까짐 ㅜ 운동화인데...,5,0,0
2024.06.29. 14:06,난 아식스가 좋아 나이키 구려,5,0,0
2024.06.29. 18:32,"남자라면 , 나이와 키지.",6,2,2
2024.06.29. 12:29,발은 뉴발이 젤 편하지 버질 형님 하늘나라가고 오프화이트 나이키 둘다망한거임 스캇이 나름 선방했지만 난 버질 형님의 더 텐은 나이키 역사의 최고 라고본다,6,2,0
2024.06.29. 15:20,질좋고값싼브랜드가 많아 선택지가 다양해진시대라 나이키는 전 세계를 아우르던 시절 다시 돌아가긴 힘들듯,4,0,0
2024.06.29. 14:17,...신발은스케쳐스임...,4,0,0
2024.06.29. 15:11,나이키는 거지같은 흑인 모델부터 바꿔라 모델때문에 필라보다 더 싸구려 이미지 되는것같다,6,3,0
2024.06.30. 08:33,마라톤은 호카.. 농구는 언더아머.. 축구는 아디다스.. 일상화는 뉴발란스.. 노인은 스케쳐스.. 육상은 아식스.. 호갱은 나이키..,3,0,1
2024.06.30. 07:11,가격에 비해서 신발이 약하고 잘 닳는다. 발볼이 넓은 사람한테는 많이 불편하다.,3,0,0
2024.06.30. 05:15,예전 나이키운동화 디자인 정말 이뻤는데 점점 디자인이랑 색상이 산으로감 어떤건 사이버틱하고 어떤건 색상이 너무튀고,3,0,0
2024.06.30. 01:39,발볼이 넓은 우리 가족에겐 프로스펙스가 편하고 좋음. 신발 가격도 합리적이고. 4만원이면 1컬레 구입함. 나이키는 신었을때 불편함.,3,0,0
2024.06.30. 01:22,일단 품질이. 저질이라...,3,0,0
2024.06.30. 00:54,운동화 는 프로 스펙스!,3,0,0
2024.06.29. 20:53,난 운동화는 온리 나이키~!!!,3,0,0
2024.06.29. 20:48,나이키매장 가보면 딴세상이다....대한민국은.나이키천하..,3,0,0
2024.06.29. 20:07,나이키만 신다가 뉴발란스 신어보고 안삼,3,0,0
2024.06.29. 17:51,스키쳐스 신어요. 르무통이랑,3,0,0
2024.06.29. 17:22,"스케쳐스, 호카로 바꿈. 발 개편함. 자신있게 추천!",3,0,0
2024.06.29. 10:56,아디다스 나이크 pc광고 할때부터 많이 줄었자누,3,0,0
2024.06.29. 10:03,나이키 기능성 내구성 허접함,3,0,0
2024.06.29. 19:09,(아래 글 오타 남)발볼 넓은 우리 아들 신발 사주러갔더니...나이키 자체가..전반적으로 발볼이 좁아서 ...신을만한 모델이 거의 없음..,4,2,0
2024.06.29. 12:15,가성비 스케쳐스~,4,2,0
2024.06.29. 13:06,운동화 예전처럼 가죽도 아니고 천으로 만들면서 가격은 창렬이지.,3,1,0
2024.06.30. 09:14,러닝의류는 나이키가 최고임 가격도싸고 재질은 넘사벽,2,0,0
2024.06.30. 08:00,그래도 나이키가 최고여. 잡 브랜드 신발 신어봤지만 역시 나이키가 최고여.,2,0,0
2024.06.30. 07:37,발볼좁은 나는 나이키가 편하고 뉴발란스는 너무 헐겁,2,0,0
2024.06.30. 07:04,아식스신어라 졸라편하다 디자인도괜찮고,2,0,0
2024.06.29. 23:33,신발 품질이 너무 떨어짐...가격대비 오래 못신음..,2,0,0
2024.06.29. 22:51,발이 편해야 하지만 디자인은 포기 못하지 : 뉴발란스. 발이 편한게 전부고 디자인은 중요하지 않아 : 스케쳐스.,2,0,0
2024.06.29. 22:12,내 주변은 호카.,2,0,0
2024.06.29. 21:10,그런 식이면 삼디다스도 너무 개나 소나 신어서 그닥...ㅋㅋㅋㅋ,2,0,0
2024.06.29. 21:07,사람들 발볼 차이가있어서 뭐가좋다고 얘긴 못하지만 나는나이키가 맞는데?..,2,0,0
2024.06.29. 20:58,제목을 저렇게 쓰시니 나이키 신고있는 사람 비하하는 느낌드네요.,2,0,0
2024.06.29. 19:57,아식스!,2,0,0
2024.06.29. 19:53,스케쳐스 한번 신어보니 개 좋음,2,0,0
2024.06.29. 17:37,요즘 나이키 품질 너무 안좋음,2,0,0
2024.06.29. 16:06,저번주에 샀는데 불편해서 후회중 ㅠㅠ,2,0,0
2024.06.29. 16:00,"나이키모자 그,따위로 처만들래? 옆쪽에 끈끈이인가 스티커 붙여놔서 쓰다보면 기름에떡져서찐득거림 개디다스도 마찬가지. 에라이",2,0,0
2024.06.29. 15:29,매출이 적자났어도 나이키는 절때 안망한다,2,0,0
2024.06.29. 15:04,나이키는 서양체형.....길고 폭이 좁은.....,2,0,0
2024.06.29. 14:42,나이키의 최대 단점은 발볼이 너무 좁아서 한국인한테 잘 안 맞음 그러니 사람들이 편안한 신발 신을려고 뉴발 아식스 신을 수 밖에 디자인 원툴 가지고는 한계가 있지 결국 신발은 실용성이 중요하니까 모델 새로 나오면 수집한다고 진공포장하고 별 짓거리를 다 해 ㅋ,2,0,0
2024.06.29. 14:31,"디자인땜 신는데 불편함 뉴발, 아디다스가 편하긴 하더라",2,0,0
2024.06.29. 14:01,스케쳐스가 최고!!,2,0,0
2024.06.29. 13:18,요즘 뉴발 편하더라,2,0,0
2024.06.29. 12:24,발바닥 폭이 너무 좁아 안신음,2,0,0
2024.06.29. 11:43,스케쳐스 최고예요.쿠션짱이고 하루종일 걸어도 발 불편함이 1도 없어요,2,0,0
2024.06.29. 22:12,나이키 옷이고 신발이고 품질도 그렇고 떨어짐 일단 디자인도 점점 매력없어진다,2,1,0
2024.06.29. 20:58,프로스펙스가 대세더라,2,1,0
2024.06.29. 15:03,조던 덩크 유행할때 이미지가 너무 소진되어서;;요새 범고래 신은사람보면 세련되어보이지않음. 근데 유행은 돌고돌고 나이키는 워낙 근본이라 또 몇년 지나면 다시 유행되겠지,2,1,0
2024.06.29. 12:20,돌고돌아 결국은 나이키..,2,1,0
2024.06.29. 11:44,축구 국가대표 유니폼은 왜 아직도 나이키 인건지?,2,1,0
2024.06.30. 07:34,가격은 자꾸 오르는데 반해 내구성과 품질은 완전 싼마이 수준 특히 의류.,1,0,0
2024.06.30. 07:08,무조건 스케쳐스죠엄청편하고 디자인도 매번업그레이드 나이키 변화가 너무 느림,1,0,0
2024.06.30. 07:01,비싸고 편하지도 않음..다른 상품들도 많아서 선택폭이 넓어짐.,1,0,0
2024.06.30. 03:16,그냥 익숙해서,1,0,0
2024.06.30. 02:31,뉴발란스만 신어도 이랜드는 나이키 따라가지도 못함,1,0,0
2024.06.30. 02:22,이름값 못 하는 브랜드.내구성은 저질인데 A/S도 잘 안됨.신지않고 그냥 전시용신발,1,0,0
2024.06.30. 01:28,프로스펙스의 나라가 나이키를 걱정하네,1,0,0
2024.06.29. 23:42,디자인도 그렇지만 몇십만원주고산 신발이 3달도못신고 밑창 에어다터짐...실용성제로임...,1,0,0
2024.06.29. 23:37,내가 신는다.,1,0,0
2024.06.29. 23:26,나이키는 발볼이 넘 좁아서 불편해서 안 신음,1,0,0
2024.06.29. 22:33,솔직히 메이커던 아니던 신발이 편해야지요즘너무 터무늬없이 비싸기만하고 실용성 없음,1,0,0
2024.06.29. 22:25,호카 많이 신더라,1,0,0
2024.06.29. 22:11,요즘 맨날 한정판 ᆢ드로우 이딴거만 신경쓴다 했다ᆢ,1,0,0
2024.06.29. 21:44,줌 보메로 너무 편해서 이것만 신음,1,0,0
2024.06.29. 21:39,나이키 옷도 입을게 없다..디자인이 매번 그게 그거고,1,0,0
2024.06.29. 21:18,"나이키 가장 큰 문제점. 1. 클래식 제품에 희소성과 프리미엄 부여 실패 / 예를 들면 완벽한 복각만 낼게 아니라 더 나은 소재로 더욱 완벽한 복각으로 가치를 올려야 하는데, 박리다매를 못 벗어나다보니 금덩이 같은 모델들 가치를 스스로 훼손함. 2. 신발의 기본… 사이즈의 다양성 떨어지다보니 보니 신제품 착화감이 전부 좋지 않음. 3. 정체성이 모호함. 완전 운동용도 아니고 그렇다고 패션용으로도 뭔가 부족함. 브랜드를 나눌 필요가 있음.",1,0,0
2024.06.29. 20:58,나도 나이키만 신어,1,0,0
2024.06.29. 20:44,아식스,1,0,0
2024.06.29. 20:06,볼 있어서 그런가 아디다스가 좋더라 ^^;,1,0,0
2024.06.29. 20:05,나이키 천으로 된 운동화 신고 삽질 많이 해도 밑창만 조금 까지지 옆구리 터지지도 않고 분리되는. 일도 없다 그만큼 좋다는것 하지만 좋아도 가격이 너무 너무 비싸서 살때는 망설여짐,1,0,0
2024.06.29. 19:15,조던이후 캐릭터가 없다…,1,0,0
2024.06.29. 19:04,"에어맥스시리즈는 뻑하면 에어터져 불안해서 신지를못해. 아식스, 뉴발보다 편하길하나 기능이좋나... 조던시리즈만 감성으로신는거지",1,0,0
2024.06.29. 17:57,"나이키, 일단 비싸고 발이 불편하고 AS잘 안되고",1,0,0
2024.06.29. 17:53,판매량 1위임,1,0,0
2024.06.29. 17:45,그래도 신발은 나이키지만 옷은진짜 보세옷보다도못한재질,1,0,0
2024.06.29. 17:44,크록스가 젤 편하지,1,0,1
2024.06.29. 17:42,미안합니다 제가 신습니다,1,0,0
2024.06.29. 17:15,나이키의 가장 근본적인 문제는 신발 본연의 의미를 망각했다는 점이다. 나이키 신발은 몇번 사면 십중팔구 발이 아픈 신발이 나옴.,1,0,0
2024.06.29. 16:25,잘못사면발아파요~,1,0,0
2024.06.29. 16:11,나이키가 발이 불편하긴함,1,0,0
2024.06.29. 16:04,"나이키 의류, 디자인 깔끔하고 원단 짱짱해서 많이 입었었는데 몇년전부터 면 원단 구매하면 옷 버릴때까지 수십번을 세탁하고 건조해도 먼지가 풀풀; 심지어 옷 먼지 너무 심해서 기관지염까지 걸린뒤로는 원단 쓰레기같아서 옷 안사입은지 좀 됫음,,,",1,0,0
2024.06.29. 15:23,난 스케쳐스만 신는다,1,0,0
2024.06.29. 15:15,질이 상당히 떨어짐,1,0,0
2024.06.29. 15:10,쓸데 없이 비쌈,1,0,0
2024.06.29. 15:03,나이키 신상 100만원 이상급 신발 나오면 호구들이 잘사준다 ㅋ,1,0,0
2024.06.29. 15:01,"옛날이나 나이키지. 편안하고 디자인 이쁜, 좋은 운동화도 많아졌다. 신발만 만드는 회사, 등산에 관련된 회사, 그리고 옷만드는 회사 등.. 운동화도 잘만들어요. 그래서 선택의 폭이 많아져서 좋지.",1,0,0
2024.06.29. 14:46,난 무조건 아디다스,1,0,0
2024.06.29. 14:40,누가 신긴 뉴진스가 신고 내가 신지^^,1,0,0
2024.06.29. 14:22,90년 ~ 00년대에 농구만화와 축구 만화가 유행해서 한창 한국에서도 일상화로 나이키 농구화 신고 다녔는데... 요즘 친구 아들래미나 딷래미들 보면 그냥 자기 패션에 어울리는 브랜드를 신고다니더군요.,1,0,0
2024.06.29. 14:04,요새 누나 나이키를 신냐 올드하게.. 신발은 슬래진저가 진리야,1,0,0
2024.06.29. 13:59,일단 너무비싸. 전부 중국 아님 동남아 제품인데.,1,0,0
2024.06.29. 13:46,디자인 ㅡㅡ구림,1,0,0
2024.06.29. 13:37,예전엔 나이키였는데 요즘 넘 슬림한것만 나와서 발볼이 넓은 난 퓨마나 아디다스가 더 낫더라구~ 돈들여 연구좀 하길~,1,0,0
2024.06.29. 13:36,나이키는 딱 아울렛급이지,1,0,0
2024.06.29. 13:09,"사실 셀럽, 브랜드 콜라보나 조던 등 아이템 가치있는 몇몇 빼고는 나이키는 가치가없음. 역사가 긴데도 최근 많이 뛰고 걷고 해보면서 어느정도 중상이상 가격에 런닝화 농구화 등등 신어본결과 나이키가 가장 먼저 손상되고 꺼지고 발의 피로도와 통증이 제일심함. 호카도 편한거에비해 내구성 쉣. 뉴발 아디다스가 제일 나았음.",1,0,0
2024.06.29. 13:06,진짜 발볼 넓은 사람은 나이키 안 신게 되고 요즘은 가볍고 편한 신발이 많아서.......,1,0,0
2024.06.29. 13:01,나이키 발볼도 좁게 나오고 재질이나 마감도 예전 같지 않은데 상태에 비해 가격이 과하다고 생각이 듬,1,0,0
2024.06.29. 12:43,발아퍼서 못신겠으,1,0,0
2024.06.29. 12:36,나 줘 나이키,1,0,0
2024.06.29. 12:30,나이키의 문제점은 정말 제값을 못한다는데 있음 포스나 코르테즈 조던 아무리 이쁘면 뭐하냐 불량이나 디테일 안좋고 밑창은 지우개급으로 빨리 닳는데,1,0,0
2024.06.29. 12:29,디자인은 너무 이뻐서 충동구매했는데 무겁고 볼도 넓고 불편해서 잘안신고 진열용인게 열켤레는되는듯 ㅠㅠ골프화도 마찬가지…디자인은 편하게 생겨서 편하지 않아요,1,0,0
2024.06.29. 12:17,나이키 너무 비싸...아울렛에가면 40퍼센트 이상 세일상품만 사게되더라...정가주고 사라면...이돈주고 이걸? 굳이? 이런생각듬...,1,0,0
2024.06.29. 12:08,러닝 신발 시장만 놓고 보면 춘추전국시대임.,1,0,0
2024.06.29. 11:59,나이키 에어 맥스 신은지 3개월만에 에어터짐 보니깐 에어튜브 본드접한부분 떨어졌더라 ? 요즘 품질 개판임,1,0,0
2024.06.29. 11:03,본인한테 맞는 거 신으면 됨~,1,0,0
2024.06.29. 10:44,기능성에 비해서 가격이 높아서~~,1,0,0
2024.06.29. 09:47,기자 메일이 독일이네? 그래서 이런기사 썼나? 아디다스 띄울라고,23,23,10
2024.06.29. 14:04,"뉴바란스? 디쟈인구리고, 색상구리고 어딜 나이키에 개겨?",4,4,0
2024.06.29. 10:26,나이키 신발이 어때서?지금도 러닝 신발 브랜드중 아디다스와 함께 탑인것 맞지. 가격만 조금 착해지면 불티나게 팔릴듯.,3,3,0
2024.06.29. 19:07,발볼 넓은 우리 아들 신발 사주러갔더니...나이키 자체가..전반적으로 발볼이 좁아서 ...신을만한 모델이 거의 잆음..,2,2,0
2024.06.29. 18:13,그래도 결국 나이키로 돌아오게 되더라...,2,2,0
2024.06.29. 13:36,나이키 보면 시골에서 상경한 시골 청년들이 멋있다고 착각해서 신는 신발 느낌임......,2,2,0
2024.06.29. 10:18,대학교때 맥스95로 풀코스 완주했고 지금도 95 페가수스 포스 기타 잘신고있다 난 나이키 괜찮다,2,2,0
2024.06.30. 11:41,난 나이키만 신는데...지금도 나이키 운동화 10켤레정도 있는데 너무 편해서 나이키만 신게됨..족저근막염이라 이신발 저신발 다 신어봤는데 의외로 나이키가 선방함,1,1,0
2024.06.30. 11:41,마감 상태보고 짭인지 알았는데 후기보니 나이키는 마감상태 좋은게 짭이라드라ㅋㅋ,1,1,0
2024.06.30. 09:59,"드럽게 불편하고 모양도 이상해졌고 신어보면 발볼도 좁게 나와서 좀 신다보면 다시는 안신게되는남자발이 여자발도 아닌데 발볼을 왜케 줄여서 나오냐,, 그러니까 맥스고 나발이고 편한 신발이 없어 나이키는,, 아디다스야 싼맛에 신기라도 하지,, 기본부터 충실해라,,",1,1,0
2024.06.30. 01:47,신발은 스베누지,1,1,0
2024.06.29. 23:42,나이키는 넓은발에 배려가없어 디자인 예쁜거 많아서 발만 맞으면 돌아가겠는데 그거 찾는 고생하느니 뉴발신음,1,1,0
2024.06.29. 23:02,지라르 풍자크 ..니 앞가림이나 해라 나이키는 잘 먹고 잘 산다 ...,1,1,0
2024.06.29. 22:23,누가신긴 많이 신어요. ㅋㅋㅋ,1,1,0
2024.06.29. 21:00,난 뉴발이 제일 불편하던데..,1,1,0
2024.06.29. 17:08,운동화 나이키 아니면 안신는다,1,1,0
2024.06.29. 16:23,나이키 주가는 21년 최고점 찍었다가 지금 반토막 나있어. 한국에선 범고래만 출몰할 정도로 제품개발에 신경안쓰지. 수족관이냐? ㅋㅋㅋ 현재 나이키와 아디다스의 시장점유율은 엄청나게 줄었어. 가장 큰 이유는 당연히! 중국이야. 현재 중국의 스포츠웨어 시장점유율은 1위 안타 2위 나이키 3위 리닝 4위 아디다스야. 요즘은 ‘On Running’ ‘Hoka’가 전세계적으로 치고나가는 브랜드야. 참고로 잘나가는 운동화는 ‘아식스’와 ‘On’이야. 특히 On은 2015/16년 최고의 성능 신발 ISPO금상을 수상했어. 나이키는 한물갔어.,1,1,0
2024.06.29. 16:22,우리 가족은 전부 나이키 신는데.너흰 그럼 나이스 신냐?주가 내렸다고 미국의 코카콜라 맥기도날드 나이키가. 롯데리아 프로스펙스보다 못하냐 ㅋㅋ,1,1,0
2024.06.29. 16:07,요즘 누가 나이키를 신나...조선 고무신이 대세인데....!고무신이 짱이다!대체적으로 크록스 고무신 어때?ㅋㅋㅋㅋㅋㅋㅋㅋㅋㅋㅋㅋㅋ,1,1,0
2024.06.29. 14:40,나이키 구려 노인들이나 신음,1,1,0
2024.06.29. 13:43,나이키 별로이긴 함~ 비싸게 그렇게 받으면 품질에 좀 더 신경을 쓰라~ 요즘은 나이키 말고도 고를수 있는 브랜드들도 많운데,1,1,0
2024.06.29. 13:17,원가 만원대 가방을 수백만원 처주고 구입하는 나라가 대한민국인데 왜 나이키가지고 그러냐?,1,1,0
2024.06.29. 10:25,나이키가 어때서?,1,1,0
2024.07.05. 22:15,가격은 비싼반면에 발은 불편하고 퀄리티가 떨어지는데 누가 신어 아이다스가 오히려 패션탬임,0,0,0
2024.07.02. 16:31,에어맥스 라인업 대로 해마다 사다가 베이퍼맥스 최근것의 그 재생소재들을 보면 토가 나오는 수준의 마감과 퀄리티다. 시그니처급 라인업으로 믿어지지 않는 반면 뉴발란스의 미제 990 v6시리즈를 보면 헤리티지를 잇는 느낌이다. 한평생 나이키만 신다 뉴발로 갈아탄 이유다.,0,0,0
2024.07.01. 15:24,조던을 기억하는 사람이 점점 줄고 있으니…,0,0,0
2024.07.01. 01:03,"조던 은퇴 이후 농구화는 인기추락!대신,우즈가 올려 줬지!이벤트 신발은 한즹판 하다가 말아 먹고!런닝화는 아식스가 나몰라라 이후에는 따라가는 추세!이러다가는 추락의 추락을 거듭하겠더먼!",0,0,0
2024.06.30. 12:42,직영강화 전략 외치다 골로 간 대표기업,0,0,0
2024.06.30. 11:28,나이키 발이 안편해서 사놓고 그냥있다 !제발 모양에만 신경끄고 발편한 신발을 만들어!,0,0,0
2024.06.30. 11:27,꼰대 브랜드. ㅎ,0,0,0
2024.06.30. 11:15,조던 로열티로 조던한테 막 퍼다주니 망할수밖에 없지,0,0,0
2024.06.30. 11:08,난 리복 신는데?,0,0,0
2024.06.30. 10:25,핏이 어쩌고 하면서 발 볼 넓은거 안팔때 부터 나이키 안신었음.,0,0,0
2024.06.30. 09:55,되팔이의 성지 나이키,0,0,0
2024.06.30. 09:44,스케쳐스 아치핏 신어보면 집에있는 나이키 다 버리게 될거임,0,0,0
2024.06.30. 09:36,운동화 많이 사는 편인데 나이키 뉴발 아식스 아디다스 오니즈카타이거 다 신음 그냥 그때 그때 옷이랑 어울리는거 신음 되지ㅠㅋㅋㅋㅋㅋㅋ 발볼 편한건 뉴발이랑 아식스고 나이키 에어있는게 편하긴 함 그리고 족저근막염 있으면 무조건 쿠션있는 양말이랑 족저근막염 깔창 추천,0,0,0
2024.06.30. 09:33,기사제목 잘뽑았다,0,0,0
2024.06.30. 09:30,뉴발은 신발이 무거워서 별로 나이키 러닝화 발볼 넓어도 좋던데ㅋ,0,0,0
2024.06.30. 09:29,"베트남, 중국, 인도네시아에서 만들면서 15~25만원 하는데 반해 내구성은 떨어지니 안사지. 아디다스는 내구성 더 떨어지지만 영한 느낌때문에 구매력이 유지되는 듯 하고.",0,0,0
2024.06.30. 09:27,내가신는다,0,0,0
2024.06.30. 09:26,모으지는 않지만 나이키는 신어요... ㅎ,0,0,0
2024.06.30. 09:26,여태 버틴것도 기적.,0,0,0
2024.06.30. 09:25,발볼이 좁은 서양인들에건 어떨지 몰라도 볼이 대체로 넓은 한국인에겐 불편하다.뉴발이 제일 편함,0,0,0
2024.06.30. 09:11,가격만...비싸고.....디자인이....왜이리.....구린지.........괜찮다.....싶으면......너무...비싸고.......그냥........아디다스가....나은거같음.......,0,0,0
2024.06.30. 09:10,나이키 물묻으면 미끄러진다 개썩을,0,0,0
2024.06.30. 09:02,품질은 애시당초 기대안하고 디자인과 유니크함때문에 구매하는데 이제는 그마저도 그지같음.요즘 출시하는 신발 꼬라지들 보면 이게 정말 요즘 신발이 맞나 할정도임 ..ㅋ,0,0,0
2024.06.30. 08:57,요줌 중고생이 먹여살리고 있는데..,0,0,0
2024.06.30. 08:55,짝퉁이 많아서 그럼. 저가 중국산이 질 저하를 초래했음.,0,0,0
2024.06.30. 08:54,내주식... 녹아 내림. ㅜ 다행인건 많이 들고 있진 않아서... 잘가다가 망한주식 두개가 나이키랑 디즈니 ㅜ,0,0,0
2024.06.30. 08:53,이 넘들 소비자 상대로 한정질하더니 맛이 가는구나,0,0,0
2024.06.30. 08:50,이제 남들이 신는다 하면 안신는다는 생각이 커진다. 개성도 커지고 나만의것을 선호하는게 유행이라...아디다스를 비롯한 타 매가스포츠브랜드는 이미 예전부터 내리막왔다.,0,0,0
2024.06.30. 08:49,품질도 예전같지 않음 나름 비싼 운동화인데 1달도 못신었는데 천이 금방 헤지거나 닳음,0,0,0
2024.06.30. 08:44,세일해서 가격좋음 가족거 싹~사는데? 아디다스도 세일 많이한다싶음 사고 나이키 누가 신긴 세계인들 모두가 신지ㅋㅋㅋㅂㄱ,0,0,0
2024.06.30. 08:44,많이 쳐먹었어,0,0,0
2024.06.30. 08:38,"나이키 정책 책임자를 짤라라,기본에 충실해야 기업이 무너지지않는다",0,0,0
2024.06.30. 08:37,대체할 브렌드들이 너무나도 많이 생겼다,0,0,0
2024.06.30. 08:30,스케쳐스가 좋더라,0,0,0
2024.06.30. 08:29,그동안 계속 1등 하셨음 가끔 2등도 …,0,0,0
2024.06.30. 08:29,기사 제목이 왠 소설.. 매번 극단적,0,0,0
2024.06.30. 08:25,될놈될 안될안,0,0,0
2024.06.30. 08:19,난 나이키만 신어.발 편하던데? 한정판이라 더이상 안나와서 못사. 나이키 잘 신는 사람들은 말이 없고 불만이었던 사람들만 댓글 쓰나보다.,0,0,0
2024.06.30. 08:19,왜 이런기사를 써서 나이키를 실추시키냐. 기자양반,0,0,0
2024.06.30. 08:17,나두 나이키만 신는데,0,0,0
2024.06.30. 08:14,이쁜게 없어.,0,0,0
2024.06.30. 08:12,예쁜데 불편해서 ㅜㅜ,0,0,0
2024.06.30. 08:11,그래도 결국은 나이키다,0,0,0
2024.06.30. 08:07,저두 ㅋ 길이는 295나290인데 볼때문에 300신게됨ㅜ볼때문에. 엄두안남ㅜㅜ,0,0,0
2024.06.30. 08:05,지금 나이키는 명성높던 예전의 나이키에 비해 품질이 저조함.그래서 나이키를 신을 이유가 사라짐.15년전까지만해도 나이키 품질 진짜 좋았는데.,0,0,0
2024.06.30. 07:56,내가 나이키 신발 안사는이유 신으면 짜가 갔다... 나이키는 워낙 짜가가 많이 나와서 ...,0,0,0
2024.06.30. 07:54,"옷감도 후질근 하고, 디자인도 예전같지 않고 그나마 어릴적 갔고싶던 에어조던, 에어포스, 에어맥스 한번쯤 신어봤고 더 이상 구매 욕구가 없어진 점도 매출 하락에 한목",0,0,0
2024.06.30. 07:52,근데 나이키신발 디자인이 이제 비슷비슷해.. 이쁘지가 안고 편하지가 안아...,0,0,0
2024.06.30. 07:47,오랫동안 나이키랑 뉴발을 둘다 신어본 입장에서 확실히 내구성 좋은 나이키 승이다 뉴발은 좀만 신어도 신발가장자리가 쉽게 해진다,0,0,0
2024.06.30. 07:39,신발은 기차표나 월드컵이 최고인데,0,0,0
2024.06.30. 07:38,"나이키3번샀는데 3번다 볼이 맞지않아 몇번신다 버렸다,,동양인 에게는 맞지 않는 듯",0,0,0
2024.06.30. 07:25,조던때가 좋았지....,0,0,0
2024.06.30. 07:25,나이키 짝퉁 나이스가 가성비 쩔었는데 요즘은 안나오나? 하긴 진품 짝퉁 만들어 파는 중궈 대마왕들 때문에 나이스는 없어졌나보네,0,0,0
2024.06.30. 07:24,가격 낮추고 유통구조 축소하는게 필요함,0,0,0
2024.06.30. 07:23,리복의 길을 따라가는 중,0,0,0
2024.06.30. 07:17,나이키도 정신 좀 차려야지 너무 타성에 젖어서 명성에만 의지하고 요즘 트렌드를 연구 를 안하더라 미국도 스포츠 스타가 이젠 사라졌음 골프도 내가 미국에 있을 때도 사양산업이였고 노인네들 스포츠에 가까워서 타이거우즈도 늙은이들이 추앙하더라 타 브랜드가 거물 스타 앞세운 마케팅 대신 MZ 세대 트렌드에 맞춰 에질런트하게 상품 개발 잘하는데 나이키는 너무 올드하게 항공모함식 경영으로 점점 경쟁력이 떨어짐 경영 전략 자체가 올드해졌음,0,0,0
2024.06.30. 07:13,그래 요새는 크록스지~~~,0,0,0
2024.06.30. 07:12,신발은 옛날 흰고무신,0,0,0
2024.06.30. 07:12,슬리퍼는 나이키가 짱임,0,0,0
2024.06.30. 07:09,걸을 때 발에 착착 달라붙는건 그래도 이 신발밖에 없더라 다른 건 사고 다 버렸다. 그렇게 많이 여러 가지 메이커 사봤는데도.. 다만 이 신발은 반드시 한 치수 위로 사야 된다.,0,0,0
2024.06.30. 07:07,내 주변도르들은 매출이 답을 알려주는데도 눈귀 다 막고 나이키 빨고있네. 에휴..,0,0,0
2024.06.30. 07:03,난 호카,0,0,0
2024.06.30. 07:03,운동화는 편해야 한다라는 기본을 무시한 나이키. 필패,0,0,0
2024.06.30. 06:58,나이키 맛간지 오래 됐다.,0,0,0
2024.06.30. 06:57,난 리복,0,0,0
2024.06.30. 06:43,나이키 코카콜라 걱정은 하지마라.,0,0,0
2024.06.30. 06:36,개별루,0,0,0
2024.06.30. 06:36,디자인과 편안함을 보고 사야지 브랜드만 보고 사는 관종들 많음.,0,0,0
2024.06.30. 06:28,재생 플라스틱으로 옷 만드니 품질이 떨어진건 사실이지,0,0,0
2024.06.30. 06:26,나이키 한국인체형에 안맞는신발 볼좁고 선택의 여지도 없는신발 이런신발 신으면 발 다망가진다,0,0,0
2024.06.30. 06:05,"품질, 디자인 다 별로가 되었지. 특정 제품 몇개 제외하고는 군인, 아재들 브랜드 됨.",0,0,0
2024.06.30. 05:52,"남의 나라 브랜드 걱정도,,,참....",0,0,0
2024.06.30. 05:16,나이키 최고다 👍 5경원,0,0,0
2024.06.30. 04:50,어릴때 갬성 의리로신음,0,0,0
2024.06.30. 04:48,조던 은퇴하고 나이키도 이름값 못하지디자인도 편안함도... 이젠 맥스도 편하지않다 2011 이후로는 신을만한게 없다는...안타깝다,0,0,0
2024.06.30. 04:32,스케쳐스가 최고다,0,0,0
2024.06.30. 04:01,발이..안편해요ㅠㅠ 속상,0,0,0
2024.06.30. 03:28,다이얼 운동화도 편한데 아직도 끈만고집,0,0,1
2024.06.30. 03:27,뉴발이나 아식스가 편하더라,0,0,0
2024.06.30. 03:09,나이키 베트남 제품,0,0,0
2024.06.30. 03:01,그럴만 해. 잘기나 이키야,0,0,0
2024.06.30. 02:44,신발 디자인 구림. 그렇다고 편한것도 아님. 개뿌리 에어 효과도 없는거 잘찢어지는거 뭐한서 신나,0,0,0
2024.06.30. 02:37,나이키매장 갔는데 옷들은 프린팅 다 거지같이 해놨던데 살게없더라,0,0,0
2024.06.30. 02:22,주가떨어지면 신발가격도 좀 떨어지려나..가격거품좀 빠지자.,0,0,0
2024.06.30. 01:59,아디다스가 추락하더니 이젠 나이키 차례인가..,0,0,0
2024.06.30. 01:58,미국에선 요즘 나이키 안신고 온러닝 많이 신더라...,0,0,0
2024.06.30. 01:58,가격만 비싼 중급 신발.,0,0,0
2024.06.30. 01:54,나이키 발볼 좁아요.,0,0,0
2024.06.30. 01:28,이쁜 브랜드 많이 나와서 나이키 아니어도 편하고 좋은 신발 많지,0,0,0
2024.06.30. 01:25,감성으로 신는 신발. 발이 편하진 않지. 뉴발이나 아식스가 발은 편함.,0,0,0
2024.06.30. 01:15,말슴들 하시는게 나이키는 그냥. 신발브랜드 로 인식들.,0,0,0
2024.06.30. 01:14,난 요즘 뉴발로 갈아탐,0,0,0
2024.06.30. 01:12,요즘도 나이키 신는사람들이 있나;;,0,0,0
2024.06.30. 01:12,나 나이키신는데...근데 요즘 나이키 디자인이 별로가 되어가는건사실ㄹ...,0,0,0
2024.06.30. 01:12,요즘누가 촌스럽게 나이키신냐. 오래전부터 한물갓다,0,0,0
2024.06.30. 01:12,나이키 제품생산을 중국에서 주로 하다보니. 제품은 엉망이고. 가격만 높다보니. 그냥 일반 중저가 브랜드 된지 오래. 트레이닝 복 같은경우. 데상트.같은 일본제품보다 아래.,0,0,0
2024.06.30. 01:05,아식스어때요?,0,0,0
2024.06.30. 00:59,운동화는 뉴발,0,0,0
2024.06.30. 00:59,"스니커 반스, 기능성 언더아머, 가성비 필라 나이키 아디다스는 질림",0,0,0
2024.06.30. 00:57,옛날보다 확실히 디자인이 안예쁜긴한듯발이 작아서 잘맞게 신던게 나이키라 나이키 신발 좋아하는데 요즘은 신을게 잘 없음,0,0,0
2024.06.30. 00:51,운동화는 리복이 짱이다 반박시 니말맞,0,0,0
2024.06.30. 00:46,디자인도 우려 먹고 색깔 장난에 품질은 개차반이라 그냥 나이키라면 믿고 거름,0,0,0
2024.06.30. 00:43,그럼 요즘은 어떤 브랜드 많이 신음? 정말 궁금....,0,0,0
2024.06.30. 00:42,운동화 as도 안되는 나이키;;,0,0,0
2024.06.30. 00:41,나이키 별로다.,0,0,0
2024.06.30. 00:41,"한국 매출이 문제가 아니라 쟤넨 흑인과 라틴계가 주 타겟인데, 웃긴건 저 두 인종은 가난해서 매번 나이키 정품을 살 수 있는 사람이 얼마 안됨",0,0,0
2024.06.30. 00:33,프로스펙스 이하 잡,0,0,0
2024.06.30. 00:23,신발은 그냥 아닥하고 나이키. 뉴발 이런거는 패션신발이지 발썩어가는게 느껴진다,0,0,0
2024.06.30. 00:12,범고래이후 히트작도 없고 온라인 짝퉁 플랫폼으로 인해 가격 거품 무너지고..,0,0,0
2024.06.29. 23:50,내가 발볼이 넓은게 아니엿구나 나이키정도면갠춘,0,0,0
2024.06.29. 23:45,나이키 실적부진은 짭이 너무 많이 팔려서그래 짭만단속 잘하면 실적 떡상함,0,0,0
2024.06.29. 23:40,나이키나 명품브랜드 사지마세요.원가가 10%도 안되는 브랜값만 지불하는거죠,0,0,0
2024.06.29. 23:28,예전에 비싼 에어제품샀다 에어터진사람손!,0,0,0
2024.06.29. 23:28,알파3 많이좀 풀어줘라,0,0,0
2024.06.29. 23:16,Girrare Punjack.,0,0,0
2024.06.29. 23:16,불편함 에어도 보기만 좋지,0,0,0
2024.06.29. 22:52,루무통 한번 신고.. 다른신발 못신겟음. 너무 무거움..,0,0,0
2024.06.29. 22:52,호카신다가 나이키 신으면 고무신신고 걷는느낌,0,0,0
2024.06.29. 22:48,브랜드보고 신는게 어리석은거지. 그냥 브랜드없는거 신어라.,0,0,0
2024.06.29. 22:45,"어릴 땐 개 똥폼 같아서 안 신었는데... 나이먹고 발볼 넓고 푹신한 운동화 찾아다니다가. 다른 브랜드 돌고 돌아서. 백화점에서 신어보고 샀습니다. 여느 신발 브랜드도, 겉멋만 들고 발편한 건 드물어요. 가격도 이미 웬만한 운동화는 10만원대로 담합한 듯 비슷하고요. 나이키매장에서도 자기 발에 맞고 편한 신발 찾을 수 있습니다.",0,0,0
2024.06.29. 22:45,뉴발. 브룩스,0,0,0
2024.06.29. 22:42,나이키는 답답한 경영을 하는 기업임,0,0,0
2024.06.29. 22:40,근데 나이키 말고 뭐 신을게 있나?.....싶다,0,0,0
2024.06.29. 22:38,건물 사이에 피어난 자앙미~,0,0,0
2024.06.29. 22:32,Z세대가 M세대를 분리하며 꼰대취급하기 시작,0,0,0
2024.06.29. 22:29,응 나이키가 최고다,0,0,0
2024.06.29. 22:29,많이 신던데. 줌메보르? 다 그거 신고 다니던데,0,0,0
2024.06.29. 22:19,아재 브랜드라고 불릴만도하지 ㅎㅎ,0,0,0
2024.06.29. 22:16,나이키 데이브레이크 나는 편하던데~,0,0,0
2024.06.29. 22:04,나이키 빨간 운동화 신는데 끈이 매그러워서 5키로 거리 걸으면 끈이 3번은 풀림..진짜 엄청 불편함 .쿠션은 좋은데 이런거 좀 개선해라..,0,0,0
2024.06.29. 22:01,뭐 나이키 아디다스 아닌가. 필수품..뉴발도 신고. 보통 3개정도로 돌려신어줘야....,0,0,0
2024.06.29. 21:54,나는 이럴때 더삼 주식,0,0,0
2024.06.29. 21:46,뉴발♡,0,0,0
2024.06.29. 21:36,러닝은 아디다스 보스턴 12 전천후 물집듀 안잡힘 20키로 장거리 유용 수퍼 트레이너,0,0,0
2024.06.29. 21:36,우리애 조던로우나 덩크로우만 신는데😂발 편하다고 다른건 안신음..... 나이키 정신차려,0,0,0
2024.06.29. 21:35,신발은 뉴발이지,0,0,1
2024.06.29. 21:31,그간 마이해묵었다 잘가라,0,0,0
2024.06.29. 21:29,나이키 잘나갈 때 고급화전략 갔어야지. 잘팔린다고 계속 찍어대니까 망하지.,0,0,0
2024.06.29. 21:28,발이 편한건 뉴발!,0,0,0
2024.06.29. 21:16,나이키 편하고 이쁜데…광고를 잘 안해서 밀리는건가,0,0,1
2024.06.29. 21:14,"초딩들만 봐도 뉴발 위주로 신던데, 뉴발 선택은 누가하나, 그 부모가 한다. 부모가 보는 안목 그대로 아이에게 답습될수 있으니 향후 나이키 점유율이 줄어든다는 거 공감.",0,0,0
2024.06.29. 21:13,나이키 = 비싼값 주고 발 불편함을 참고 신었는데 1년도 못가서 어딘가 헤어지거나 망가지는 예쁘고 폼나는 신발,0,0,0
2024.06.29. 21:13,나이키 - 마데인 차이나,0,0,0
2024.06.29. 21:06,"요새는 호카, 살로몬 등 기능성+디자인 프리미엄 운동화들이 많거든",0,0,0
2024.06.29. 21:06,알리 테무 6600원차리 신엇다가 1주일도 안되서 밑창날아감걍 대기업꺼사신으셈,0,0,0
2024.06.29. 20:47,맥스720 겁나 편함.겁나 잘 터지고 ㅋㅋㅋㅋㅋ,0,0,0
2024.06.29. 20:46,"제일 큰건 중국,베드남,인도네시아에서 제작하면서 퀄리티도 떨어지고 디자인도 별로임..그리고 한정판으로 나온게 잘팔리면 더 만들어서 풀어버리니..별로임..",0,0,0
2024.06.29. 20:45,"나이키.....프로스펙스, 퓨마, 아디다스 등 디자인도 고만 고만하고 비싸긴 더럽게 비싸니 누가 사 신니..어차피 1년 정도면 운동화 바꾸는데 굳이?",0,0,0
2024.06.29. 20:43,아디다스 다시 뜨나,0,0,0
2024.06.29. 20:40,나이키는 아시아인들 발하고는 너무 안 맞는다...다른 브랜드 270인데 280사야 겨우 들어감,0,0,0
2024.06.29. 20:38,신발은 프로 스펙스지,0,0,0
2024.06.29. 20:37,나도 발볼이 넓다. 나이키는 불편해.,0,0,0
2024.06.29. 20:37,"나이키 가격, 품질, 교환정책이 개판이라 점점 외면 받고 있는걸 본사측은 인지하지 못하는건지 배째라식임 이런 기업 제품은 안사는게 정답",0,0,0
2024.06.29. 20:36,"번외긴 하지만 나는 나이키, 아디다스 이런 회사들이 친동성애 회사라 불매한다. 말도 안 되는 LGBTQ를 지지하고 우리가 신발 산 돈으로 후원하는 기업.",0,0,0
2024.06.29. 20:32,나이키 이제 한물 갔음,0,0,0
2024.06.29. 20:32,일단 나이키는 디자인이랑 옷질감부터 개구림...동급중저가 브랜드들이 훨이쁘고 옷질감도 좋음..나이키서 사는건 쓰레빠 밖에없었는데 그것도 크록스등에 밀림ㅋㅋ,0,0,0
2024.06.29. 20:21,페가수스가 젤 낫고....내구성이 많이 약해졌음.... 디자인은 아디다스나 나이키나 이상해짐....,0,0,0
2024.06.29. 20:20,중국사람들이 좋아라 신고 다니는 모습 보고 한번 질리고 나이키가 중국 시장 지키려 신장 위구르 문제 중국편 드는거 보고 질리니 나이키가 특별해 보이지 않고 조던도 철지난 중국 스타일 같은 느낌이 들더라 차라리 호카나 뉴발란스 오니즈카타이거 같은거 더 이쁘더라,0,0,0
2024.06.29. 20:18,어느순간 질이 다른 브랜드에 비해 떨어짐..발볼이 너무 적어진 느낌? 그리고 불편함 … zoomx 20만원 넘게 주고 샀는데.. 7만원짜리도 안되보이는 착용감임.,0,0,0
2024.06.29. 20:18,언제적 나이키여? 나락갈때도 됐지? 브랜드가 얼마나 많나?,0,0,0
2024.06.29. 20:17,편하고 좋은 인식이떨어짐..세일할때나 가끔,0,0,0
2024.06.29. 20:15,개돼지들이 많이 신어욧,0,0,0
2024.06.29. 20:10,매장에 있는 옷들이 진짜 살게 없어요. 나이키 로고나 크게 해서 나온 옷들만 있고. 그걸 디자인이라고 하기에도 뭐한....,0,0,0
2024.06.29. 20:08,스포츠스타들 광고료로 막대한 돈을 쓰는데 제품품질에 쓸 돈이 있겠는가??? 품질은 안좋고 가격만 비싸다면 브랜드 이름값으로 제품사는 시대는 지나갔다,0,0,0
2024.06.29. 20:07,NIKE AIR 한마디 마크하나보고 산브랜드지 지금도 여전히 일등기업이고 베스트오브베스트 마이클조던형이 그립다,0,0,0
2024.06.29. 19:55,쓸데없이 비쌈,0,0,0
2024.06.29. 19:54,내 잘 신음.,0,0,0
2024.06.29. 19:53,신발이나 옷이나 품질이 별로임. 그나마 바싼것만 품질이 괜찮음. 디자인은 외계인을 뽑는건지 평범한 디자인은 별로 없음. 짭이 너무 많고 그 짭도 진품이랑 품질이 별반 차이가 없음. 출시가는 졸라게 높고 허구한날 할인만 해댐.,0,0,0
2024.06.29. 19:47,로고빨,0,0,0
2024.06.29. 19:42,돈있으면 신발20만원이상으로 신는거야나이키는 가난한 사람이 신는거야 페가수스 줌 죄다 10만원중반 ㅋㅋ 이제는 호카야 ㅋㅋ,0,0,0
2024.06.29. 19:40,스케처스 고워크가 10만원대다 ㅋ나이키는 매일세일만하더라 ㅋ 호카 살로몬은 20만원 30만원급이더라 없는놈들이나 나이키 신는거야 ㅋㅋ,0,0,0
2024.06.29. 19:36,아시아핏이 없으니 그렇지 불편해,0,0,0
2024.06.29. 19:35,그러네.. 나도 기사보고 신발장보니 나이키 신발이 없넹ㅋㅋ,0,0,0
2024.06.29. 19:34,편한 신발은 아니지~~,0,0,0
2024.06.29. 19:33,나이키는 불편...뉴발이 편함.,0,0,0
2024.06.29. 19:32,단타만하다가 가치투자 하기위해 나이키 장투로 샀더니 하루만에 18프로?,0,0,0
2024.06.29. 19:31,특히 나이키 트레이닝복은 개구림,0,0,0
2024.06.29. 19:28,언제적 나이키냐,0,0,0
2024.06.29. 19:25,호카 브룩스 뉴발이지 ㅋ몬 나이키냐 ㅋㅋ,0,0,1
2024.06.29. 19:22,나이키신발 발뒷꿈치 플라스틱 보호대 안습 뒷굼치 까지고 안편함,0,0,0
2024.06.29. 19:13,나이키는 흑인들이나 신고 다니는 브랜드지,0,0,0
2024.06.29. 18:51,나이키 너무이상하게 변했음 디자이너 누구냐 ㅋ,0,0,0
2024.06.29. 18:48,1.8달러까지 떨어지면 줍줍해야지ㅋㅋㅋㅋㅋㅋㅋㅋㅋㅋㅋ,0,0,0
2024.06.29. 18:42,허접한걸 ㆍ비싸게 ㆍ팔다가 ㆍ폭싹 망한다,0,0,0
2024.06.29. 18:27,"엉아는 나이키 조던 디올, 조던 트레비스 스캇, 조던 사카이만 신는다.",0,0,0
2024.06.29. 18:23,가격만 비쌈!!!!!!! 밑은 빨리 닳고~,0,0,0
2024.06.29. 18:17,이쁘고 편해야지 근데 이쁘기만한걸 너무 많이 만들어 초심을 잃음,0,0,0
2024.06.29. 18:17,나이키 신발 가격대비 품질이 너무 안 좋아 ~,0,0,0
2024.06.29. 18:15,어릴때나 나이키 신었지 지금은 스케쳐스가 편하고 좋더라,0,0,0
2024.06.29. 18:13,20~30년전엔 학생들 최고 브랜드였는데 이젠 입는사람이 없음. 가끔가다 트레이닝복 정도,0,0,0
2024.06.29. 18:07,나이키가 요즘 디자인이 안예쁘게 나오기도했고색상도 별로고,0,0,0
2024.06.29. 18:06,시대 트렌드를 ~~요즘 운동복이나 패션바지가 통이 넓은데 나이키는 신발볼이 좁아서 발도 불편하고 통바지와 어울리지 안음,0,0,0
2024.06.29. 18:04,여자껀.발폭이 작아서남자신발사이즈가 마즘,0,0,0
2024.06.29. 17:57,프로스펙스 편해요.,0,0,0
2024.06.29. 17:50,와..진짜 기사는 믿을게 못되구나.뭐? 나이키가 파리올림픽에 걸고있어? 이런거 보면 왜 개미가 털리는지 알겠다.,0,0,0
2024.06.29. 17:50,요즘 타브랜드도 좋은게 많이나와서 경쟁이 쉽지 않겠지,0,0,0
2024.06.29. 17:48,발아픔 ㅜㅡㄴ,0,0,0
2024.06.29. 17:32,예전 모델들도 디자인은 여전히 괜찮은데 포스 말고 다른 모델들은 발볼이 좁아서 솔직히 편하다는 느낌은 안들어요. 그리고 요새 봄가을겨울은 운동화 신지만 여름에는 그냥 크록스같은 샌들만 신은지 오래되서... 여름되면 운동화 매출이 떨어지는게 당연한게 아닐까 싶기도 하고...,0,0,0
2024.06.29. 17:30,유행하는거보면 확실히 체감 됨. 한때 유행하던 리셀가도 특정 콜라보 빼면 나락이고 요즘 보면 열중에 반은 뉴발란스,0,0,0
2024.06.29. 17:14,이것저것 신어보고 좋은거 사라,0,0,0
2024.06.29. 17:12,나이키. 좋은지 모르겧다,0,0,0
2024.06.29. 17:09,"나이키 해외직구=가품, 이게 안편한 이유. 에어맥스가 30년전 나온 쿠셔닝인데 그걸로 나이키 신어봤다고 하면 안됨. 나이키 쿠셔닝은 넘사벽임. 매출이 후퇴해도 1위는 절대 안뺏기는 이유가 있음.",0,0,0
2024.06.29. 17:05,나이키는 리셀하는 애들이 돈벌이로 사지 요새 누가사ㅋㅋㅋ,0,0,0
2024.06.29. 17:04,나도 나이키만 신는데 ㅋㅋㅋ,0,0,0
2024.06.29. 16:59,조금 인기있다싶은건 극악수량으로 리셀가 붙게하고 시장 자체를망가뜨렸음 한동안 그래도쌈,0,0,0
2024.06.29. 16:54,징그러운 디자인 그나마 요즘은 심플하게 실용적으로 가는듯,0,0,0
2024.06.29. 16:51,난 나이키 중국에서 만들때부터 안신음.ㅋ,0,0,0
2024.06.29. 16:46,요즘 아식스에 꽂힘,0,0,0
2024.06.29. 16:42,비싸기만함...금테도 안둘렀는데 ㅋㅋㅋ,0,0,0
2024.06.29. 16:41,쓸데없이 비싸다,0,0,0
2024.06.29. 16:38,호카 냐 뉴발 다른 업체들의 성장이 뛰어나서,0,0,0
2024.06.29. 16:35,나이키 에어맥스만한게 없다. ㅇ 에어맥스 미만잡,0,0,0
2024.06.29. 16:33,망한듯. 호카가 짱,0,0,0
2024.06.29. 16:30,과거의 영광으로 신는데 미래에도 그럴지는 불투명영원한 1등은 없다,0,0,0
2024.06.29. 16:21,신어본것중 아디다스 뉴발이 젤 편함. 나이키가 젤 불편,0,0,0
2024.06.29. 16:18,대세는 호카로 넘어감,0,0,0
2024.06.29. 16:15,내가.,0,0,0
2024.06.29. 16:13,품질이 확실히 떨어졌음...,0,0,0
2024.06.29. 16:11,40년전엔 나이키였는데. 나는 안신었지만 ㅋㅋ,0,0,0
2024.06.29. 16:06,스캇좀 많이 풀어라 한정판만 주구장창만드니 일반신발을 안사지,0,0,0
2024.06.29. 16:04,..,0,0,0
2024.06.29. 16:03,나 중학교땐 나이키가 최고였는데. 이젠 그냥 중저가브랜드.,0,0,0
2024.06.29. 16:00,나이키 디테일에서 놓침 자세히 보면 접착체가 다보임 뉴발이 신발 디테일이 좋지,0,0,0
2024.06.29. 15:55,그냥 흔한 신발에 비싼 가격일뿐~,0,0,0
2024.06.29. 15:50,옷이고 신발이고 디자인이 점점조잡해지는건 사실이다,0,0,0
2024.06.29. 15:47,알파플라이3 물량좀 풀어라 리셀러보다 못버니까 실적이 안좋지,0,0,0
2024.06.29. 15:46,나이키 좋은데,0,0,0
2024.06.29. 15:45,찐다들은뉴발란스만신어라~~,0,0,0
2024.06.29. 15:42,프로스 펙스도 좋아요.,0,0,0
2024.06.29. 15:41,시장 2만원짜리 신발보다 못함 내구성도 쓰레기고 가격은 최상이고 디자인 개판이고 ... 나이키만의 감성은 1도없음 옛날 나이키가 멋짐,0,0,0
2024.06.29. 15:40,나이키 ㅋㅋㅋㅋㅋㅋ 옛날이나 나이키지 요즘 나이키가 나이키냐 그냥 이름빨이지,0,0,0
2024.06.29. 15:31,짝퉁이 너무 많아서 안 찾게 되더라,0,0,0
2024.06.29. 15:31,비올때 미끄러움,0,0,0
2024.06.29. 15:27,온러닝 최고다,0,0,0
2024.06.29. 15:19,지금의 나이키를 있게 해주고 나이키에서 인정하는 제품은 딱하나 에어포스원. 그 이상 그 이하도 없음. 축구화든 농구화든 스포츠쪽에 그 이상의 제품을 새로 만들어내서 붐 일으키지 않는 이상 주가하향은 정해진일..,0,0,0
2024.06.29. 15:16,나이키 좋은데여.. 왜 ㅜㅜ,0,0,0
2024.06.29. 15:11,신발은 불편하고 옷은 박음질 엉망.... 이제는 돈아까워서 못사겠더라구요... 같은 가격에 다른 질좋은 제품들도 많아요~,0,0,0
2024.06.29. 15:04,그럼 뭐 신어요?,0,0,1
2024.06.29. 15:01,운동할때 말곤 평상시 크록쓰만 신음...일년내내...,0,0,0
2024.06.29. 14:54,예전엔 에어조던....최고였는데..,0,0,0
2024.06.29. 14:51,비싸,0,0,0
2024.06.29. 14:51,그래도 나이트 네임드가 우리때는 최고였다. 까불지마라ㅋㅋㅋ,0,0,0
2024.06.29. 14:50,그럼 뭐신음?,0,0,0
2024.06.29. 14:48,요즘 뉴발 아식스가 인기더만,0,0,0
2024.06.29. 14:34,요즘 연예인들 이용해서 sns따라쟁이들 따라신고 광고하는게 추세라 연예인들 신껴야 돈이됨ㅋㅋ,0,0,0
2024.06.29. 14:30,다 좋은데 이쁘지 않음!,0,0,0
2024.06.29. 14:27,마크가 촌스러움,0,0,0
2024.06.29. 14:25,농구화 나이키 외에 뭐?,0,0,0
2024.06.29. 14:25,40대 아저씨인 나조차 아식스 젤카야노14로 넘어갔어.,0,0,0
2024.06.29. 14:23,나이키 발볼이 너무 좁아서... 불편함... 뉴발란스만 신게됨,0,0,0
2024.06.29. 14:20,나이키보다 폭이 좁은 게 아디다스. 요즘은 뉴발란스가 인기.,0,0,0
2024.06.29. 14:18,언더아머 스케처스 디자인 이쁘던데,0,0,0
2024.06.29. 14:18,신발은 시장표 나이스가 쿨하지,0,0,0
2024.06.29. 14:13,칼발 아니면 나이키 안신지...요즘 기능성 좋은 신발 넘친다,0,0,0
2024.06.29. 14:10,나이와 키는 반비례한다. 나이키~,0,0,0
2024.06.29. 14:07,삼선이이뿌다,0,0,0
2024.06.29. 14:06,나!,0,0,0
2024.06.29. 14:00,이참에 디자인혁명이나 해라 못생겨도 편안하다,0,0,0
2024.06.29. 13:59,딸피브랜드,0,0,0
2024.06.29. 13:55,지금 사야하나,0,0,0
2024.06.29. 13:53,"요즘 편한 쿠셔닝화가 인기다보니 그런것과, 나이키 조던1, 덩크 팔면서 가격인상이 한몫",0,0,0
2024.06.29. 13:53,한국인은 프로스펙스가 짱,0,0,0
2024.06.29. 13:51,ㅋㅋ 중국 때문에 나이키 매출 줄었네 ㅋㅋ 우리나라 나이키 운동화 신다 ㅋㅋㅋ 60퍼이상 ㅋ,0,0,0
2024.06.29. 13:47,나이키 마감 허접해서 별로임. 일상용은 아디다스 아식스 호카 써코니 브룩스까지가 착화감 좋음. 뉴발란스는 약간 별로임..,0,0,0
2024.06.29. 13:46,나이키 요즘 너무 안주하는거 같은 느낌이 들긴함..축구유니폼만 봐도 진짜 디자인 대충하는거같음,0,0,0
2024.06.29. 13:45,나이키 옷 그지같음 진짜 물맨날빠짐,0,0,0
2024.06.29. 13:44,"뉴발, 호카 두가지가 정답인듯",0,0,0
2024.06.29. 13:42,뛰거나 걷는 운동할땐 아식스가 제일 가볍고 편함..사람마다 발이 다르니까 나이키 발볼이 좁아서 불편하긴 한데 한 일주일 신으면 발에 딱 맞춰지는 느낌이라 좋음. 운동화는 아식스랑 나이키만 신는거 같은데..요즘은 안신나보군ㅋ,0,0,0
2024.06.29. 13:41,일단안이쁨...,0,0,0
2024.06.29. 13:40,요즘 내가 나이키 신는다. 물론 아디다스도,0,0,0
2024.06.29. 13:40,호카 좋아서 신는다. 비싸도 오래신고 편함.,0,0,0
2024.06.29. 13:40,나이키의 경쟁자는 닌텐도이다.,0,0,0
2024.06.29. 13:38,발전이 없으니 주가가 떨어짐 매장가도 살게 별로 없고 옷 질도 별로,0,0,0
2024.06.29. 13:38,요즘 헬스하느라 발볼 넓어진 사람 많은데 디자인이 너무 별로임,0,0,0
2024.06.29. 13:35,어머 나이스~,0,0,0
2024.06.29. 13:34,나이키는 서양인들발에 맞게 제작된것이다.한국인들발은 넙적하기 때문에 짚신같은 스타일의 운동화를 만들어야한다,0,0,0
2024.06.29. 13:33,나이키 겁나 불편,0,0,0
2024.06.29. 13:30,요새 나이키 광고봐라 그런 모델이 광고하는데 누가 사고싶겠냐,0,0,0
2024.06.29. 13:28,그냥 이것저것 다 신는거지 정해놓고 신음? 거지임? ㅋ,0,0,0
2024.06.29. 13:27,산지 몇달안됐는데 신발이 터짐..가격은 비싼데 이럴수...ㅠㅡㅠ 발볼 문제인건가.,0,0,0
2024.06.29. 13:24,모델이 그인종 그성별에 거기다 못생겼는데 누가 신고 싶어하겠음?,0,0,0
2024.06.29. 13:12,그래도 나 나이키 좋아한다,0,0,0
2024.06.29. 13:08,나이키 밑창이 좁은 게 많아서 살 때 잘봐야 됨.,0,0,0
2024.06.29. 13:06,아식스 스캐쳐스 개편함,0,0,0
2024.06.29. 13:04,나이키 신발이 요즘 불편해졌어요 다른 회사 제품들이 좋아진건지..뭔가 예전에 비해서 다른 회사 신발들이 편하게 느껴집니다 불편하니 손이 안가고 그러니 구매력도 떨어지는 느낌?저만 그런가요?요즘은 나이키 공홈가입 괜히했나 싶어요,0,0,0
2024.06.29. 13:03,평발인사람은 병원서 나이키 신발 못신게해요. 저희아이도 이뻐서 신고 싶다해서 샀다가 한두번 억지로 신고 못신었네요. 발이 너무 아프고 불편하다하네요. 그만큼 불편한 신발인드쌔요.,0,0,0
2024.06.29. 12:59,나이키 넘비싸. 아디다스 리복 이 훨싸고 질도좋다,0,0,0
2024.06.29. 12:57,"전문가용, 리셀용만 잘만드는 신발회사. 수익성 제로인듯.",0,0,0
2024.06.29. 12:55,솔직히 예전 디자인인 맥스 포스 덩크로 몇십년을 우려 먹었고 이제 질릴때도 됐지,0,0,0
2024.06.29. 12:48,정체되면 망하는거지 항상 저절로 1등인게 어딨나,0,0,0
2024.06.29. 12:46,XXXL가 타사L 사이즈인거머냐,0,0,0
2024.06.29. 12:46,얘들이랑 아디다스랑 뭐가 다른건지사고 싶은게 없던데,0,0,0
2024.06.29. 12:44,나이키 퇴물된지가 언젠데.. 요즘 트렌드에 안맞아,0,0,0
2024.06.29. 12:39,로고하나는 기가 멕히지 그것때문에 선방하는거 아님,0,0,0
2024.06.29. 12:37,신발은 나이키 국룰 아니냐? 40대 아재,0,0,0
2024.06.29. 12:36,OEM 일본신발들 돈 값들 함,0,0,0
2024.06.29. 12:31,덩크 신는데 몇시간 신으면 발 아픔…,0,0,0
2024.06.29. 12:30,조던이 뭐하나 신어야된다,0,0,0
2024.06.29. 12:26,디자인도 별루야.. 뭔가 촌스러움! 아 옛날이야!,0,0,0
2024.06.29. 12:26,나도 나이키♡,0,0,0
2024.06.29. 12:22,가성비가 떨어짐,0,0,0
2024.06.29. 12:22,예전에도 그랬지 나이키의 위기라고 하지만 마이클 조던 이라는 인물을 앞세우고 에어라는 상품을 개발해 더욱 더 우뚝서게 되었지 그런데 나이키가 젊은 층 공략을 잘 못하는 것은 사실인 것 같음 디자인을 젊은 사람들이 공감할 수 있게 만들어야 할 것 같음,0,0,0
2024.06.29. 12:21,마이클 조던일때까 최고 였지,0,0,0
2024.06.29. 12:20,에어조던이 잘 안팔리나???,0,0,0
2024.06.29. 12:12,그럼 요새 뭐 신나요?,0,0,0
2024.06.29. 12:12,나이키 운동화는 품질이 너무 약해 안 신은지 10년 됐다,0,0,0
2024.06.29. 12:03,난 그래도 나이키가 좋던데괜히 나이키가 어쩌니저쩌니 등장하는것도 우습네 갑자기? 어렸을적부터 지금까지 꾸준히 사랑받았다는거는 그만한 가치가 있는거지 사람에따라 스타일과 취향이다를뿐,0,0,0
2024.06.29. 11:57,데상트 운동화 나한텐 최고 편함나이키는 빠이빠이 한지가 오래요 발볼이 넓어서그런지 나이키 신으면 넘 불편해서 사놓고 별로 안신게됨,0,0,0
2024.06.29. 11:57,파주아울렛 가면 나이키 미어터짐.그래도 나이키가 젤 살게많던데?,0,0,0
2024.06.29. 11:50,기능성 별루긴하지,0,0,0
2024.06.29. 11:49,중국산 동남아산 풀리면서 너무 흔해빠지고 질도 별로임,0,0,0
2024.06.29. 11:48,조만간 대대적으로 세일들어가겠네,0,0,0
2024.06.29. 11:47,아울렛가야 사는거잖아? 나이키는,0,0,0
2024.06.29. 11:44,대한민국 애덜 으른들 나이키만 신던대?!,0,0,0
2024.06.29. 11:41,어렸을때 에어맥스 신고 빗길에 미끄러져 자빠진 이후 나이키신발 안삼. 신발 겁나 미끄덩거렸음...,0,0,0
2024.06.29. 11:38,나이키가 젤 좋더라 기능성도 디자인도 주시 사러갸자,0,0,0
2024.06.29. 11:32,알파플라이3 사고싶어도 못사는 사람들 천지다.,0,0,0
2024.06.29. 11:32,비싸기만 하고 기괴한 디자인에 보색 칼라 형광 칼라 좀 안했으면 좋겠다 결국 에어포스나 조던1 밖에 신을게 없는.,0,0,0
2024.06.29. 11:31,저는 잘신고 있는데요 ㅋㅋㅋㅋ,0,0,0
2024.06.29. 11:28,나이키 안신으면 뭐신어?,0,0,0
2024.06.29. 11:27,가격만 엄청올리구 디자인도 그렇고 편한것도 우리나라 중소기업 신발보다 못하드라..머리에 똥든 애덜이나 나이키 나이키 거리지..ㅋㅋ,0,0,0
2024.06.29. 11:26,나이키 너무 비싸,0,0,0
2024.06.29. 11:26,옛날 고급 우리 브랜드 프로스펙스가 짝퉁 만연한 나이키보다 훨씬낫다~,0,0,0
2024.06.29. 11:25,에어조던은 이제. 끝났구나..확실히 아디다스 삼바 라인이 이쁘긴 하지...,0,0,0
2024.06.29. 11:24,취향은 존중합니다만 개인적으로 나이키 제품은 단 한번도 양말조차도 안사봤습니다.저한테는 나이키 로고가 너무 촌스럽드라고여.그게 또 멋지다고 하시는분들이 많지만여.,0,0,0
2024.06.29. 11:23,한국인한테 맞는 신발은 아니지 외국칼발핏 이라서,0,0,0
2024.06.29. 11:23,영원한건절대없지,0,0,0
2024.06.29. 11:22,믾이 해묵었다아이가~~~,0,0,0
2024.06.29. 11:22,원가에 비해 브렌드가격이 대부분을 차지한 만큼 브렌드 기치가 떨어져 비싼 가격으로 보인다. 광고는 구시대적인 스포츠 선수들로 이뤄져 있고. 요즘 유튜브로 스포츠 영상보다 많이보는것들이 얼마나 많은데. 시대에 따르라.,0,0,0
2024.06.29. 11:22,나이키를 나에키 바꾸면 성공한다,0,0,0
2024.06.29. 11:21,근데 솔직히 캐주얼화 신을게 머가있음? 아디다스 촌스럽고 뉴발은 하나사면 오지게 신고 나이키가 무난한데?,0,0,0
2024.06.29. 11:21,HOKA,0,0,0
2024.06.29. 11:21,요즘 올라오는 글들 보면 나이키... 짝퉁들이 품질이 더 좋다고들 하는,0,0,0
2024.06.29. 11:20,나이키는 신발마다 사이즈가 다름 소비자 불편하게 만듬,0,0,0
2024.06.29. 11:14,나이키?? 고가물건만 조금 신을만하고 중저가는 거의 시장2만원짜리만도 못함. 물론 다른메이커도 마찬가지다. 그래서 짝퉁 사서 신고다닌다.,0,0,0
2024.06.29. 11:12,지갑 여는 패셔니스트들한테 한물 간 브랜드 취급이니 주가가 몇년 전으로 회귀하는 건 당연한 것,0,0,0
2024.06.29. 11:12,디자인 보면 나이키 빼고는 신을만한게 없음,0,0,0
2024.06.29. 11:10,나이키 공홈 세일땐 안다르 젝스믹스 이런거보다 싸던데ㅡㅡ;;,0,0,0
2024.06.29. 10:47,이제야 정신들차리는구만... 에어조던이 밥멕여주냐~,0,0,0
2024.06.29. 10:46,나어릴때는 나이스. 프로스포츠. 아디오스 등 대체품이 많았다.,0,0,0
2024.06.29. 10:36,양키 고 홈~ 외치던 인간들 나이키 잘 신고 다니더만,0,0,0
2024.06.29. 10:31,신발은 아식스 아님??,0,0,0
2024.06.29. 10:23,브랜드가 구린건맞지,0,0,0
2024.06.29. 10:15,나이키가 제일 좋다 ㄱㄱ,0,0,0
2024.06.29. 10:11,유로랑 코파 진행중인데 나이키 주가가 폭락이라니ㅜㅜ,0,0,0
2024.06.29. 10:09,혁신이없음..몇년째 가격만올리고,0,0,0
2024.06.29. 10:02,아디다스가 요즘 힙하지,0,0,0
2024.06.29. 09:54,나이키 신발 진짜 좋긴한데ᆢ 다른 신발 신다 나이키 신으면 내구성 부터 체감됨,0,0,0
2024.06.29. 09:50,당근덕에~~,0,0,0
2024.06.29. 09:47,사야겠당,0,0,0
2024.06.29. 09:46,추락하는 건 날개가 있다.,0,0,0
2024.06.29. 11:27,예전엔 아디다스가 편하고 나이키는 스타일로 신었는데 아디다스가 언젠가부터 발이 겁나 불편함. 나이키 에어 런닝화는 아직까지 따라올 브랜드가 없을정도로 진짜 편함.,8,9,0
2024.06.29. 10:15,비싸서 안신는거지 연예인들이나 인싸들 죄다 나이키 에어포스나 조던 신더만 중고가도 부르는게 값이고 ㅋㅋㅋ,4,5,3
2024.06.29. 10:25,제 주변에 나이키운동화 신은 사람 많던 데요무슨근거로 이런기사 썼는지 궁금해요,2,3,0
2024.06.29. 09:55,나이키가 안팔리는 이유는 비싸기 때문이다. 가격 내리면 문제 해결된다,2,3,0
2024.06.30. 11:59,난 뉴발이 발 편하고 디자인도 이쁘고 좋던데,1,2,0
2024.06.29. 23:05,한번도 신어본적 없는대..,1,2,0
2024.06.29. 17:15,"나이키 안신은지 오래됨ㅇㅇ 아식스, 스즈키, 살로몬, 호카, 킨, 에코 신지 그리고 구찌.발렌도 안신음",1,2,1
2024.06.29. 14:57,"그래도 결국 나이키는 갈 거다 애플, 코카콜라, 마이크로소프트, 스타벅스 그리고 나이키. 얘네는 하루아침에 몰락할 수가 없어.",1,2,0
2024.06.29. 14:56,스케쳐스 짱,1,2,0
2024.06.29. 14:46,유행은 돌고돈다 흐름일뿐.. 어차피 시간이 지나면 원위치로 돌아감. 그럼에도 불구하고 나이키 매출은 업계 2위랑 차이가 어마어마함.,1,2,0
2024.06.29. 14:11,국산품을 애용합시다!!! 프로스펙스로!!!발볼 편하고 가격 합리적이고 쿠션좋구요!!,1,2,0
2024.06.29. 11:46,레깅스 입고 자기 몸매 보라는 여자들이 나이키 양말 많이 신지요... 예전에는 양말 목을 바깥으로 내놓지 않았는데... 브랜드 자랑하려고 레깅스 밖으로 양말못 내놓잖아...나이키 양말이 뭐 자랑이라고...,1,2,0
2024.06.29. 10:48,나이키 신느니 옛날 고급 브랜드 프로스펙스 신겠다.,1,2,0
2024.06.30. 09:51,디자인은 타인 거 인정. 근데 편안함은? 뉴발이나 아디다가 편해.,0,1,0
2024.06.30. 09:32,르까프싢어라,0,1,0
2024.06.30. 09:30,프로스펙스지,0,1,0
2024.06.30. 09:23,나이키를 신고 입는 이유~ 싸다!. 즉 가성비가 좋다!,0,1,0
2024.06.30. 09:22,한정판..리셀러 못사는것들이 댓글다네ㅋ,0,1,0
2024.06.30. 09:13,🐕 🐖들 굥꼴통한데 속고 또 한뚜껑한데 속아넘어가는군.ㅍㅋㅋㅋ 저 응큼한 고양이같은넘이다.ㅋㅋ,0,1,0
2024.06.30. 08:49,크록스가 최고임,0,1,0
2024.06.30. 07:30,막상 미국사람들은 콜롬비아 진짜 많이들 입고 입는 건 진짜 편하게 입고 산다 집에 신경들 많이 쓰지 아파트에 사는 것과는 차원이 다르게 일이 많은 게 주택이라 무튼 한국사람들의 대부분 불행은 아파트 획일 문화 때문인 거 같음 우리나라는 북핵에 맞서기 위해서라도 차라리 미국과 합병하고 미 자치령으로사는 게 일반 국민들에겐 훨 이익이다,0,1,0
2024.06.30. 06:54,아직 나이키는 신고다니는 사람들은 시골 일수록 많다,0,1,0
2024.06.30. 06:17,망하는 것을 가만히 지켜보기보다는 이참에 전제품의 가격을 최소 50% 정도 낮추어 많은 사람들이 신도록 하는 방법밖에 없지 않을까?,0,1,0
2024.06.30. 06:07,나이와 키를 맞게 나이키 옷을 즐겨 입고 신발은 편한감을 안겨 좋아요,0,1,0
2024.06.30. 02:09,문재인때문에..ㅠㅠ,0,1,0
2024.06.30. 02:01,개나소나 아울렛 할인가에 신고 다니는거 쪽 팔린다. 여자들에겐 뉴 발란스가 대세던데,0,1,0
2024.06.29. 23:42,우리나라도 주식 장기투자 공제제도를 만들었으면 좋겠습니다. 10년이상 20년이상 30년이상 이런식으로 오래 장기투자한 사람들에게 양도소득세 자체를 완전히 면제해준다던지 하는 제도말이지요.,0,1,0
2024.06.29. 22:14,조선 나이키 프로스팩스 신자,0,1,0
2024.06.29. 22:14,난 아디다스 좋아합니다,0,1,0
2024.06.29. 21:40,사이즈가 너무 제멋대로임. 내가 다른 메이커들은 270~75 신는데 왜 나이키에선 285를 사야 하는가. 그리고 가격대에 비해 내구성도 뭔가 떨어짐. 나이키 한켤레 사서 신을 바에는 프로스펙스 두켤레 산다.,0,1,0
2024.06.29. 20:59,요즘 나이키만 신는 건 아니지만 신발은 나이키지. 기자놈 제목 장사 제목 뽑는 건 어디 커뮤니티 뻘글 수준 ㅋㅋㅋㅋ 하여간 요즘 기자 애들 수준은. 글코.... 요즘 누가 조중동을 봐요. 라면 받침대로는 제격. 박퀴스탄 동남아 폐지 수출 제조 전문 제조업체 조센일보와 그 꼬봉 들.,0,1,0
2024.06.29. 18:08,"난 쓰레빠만 신는데.....출근도 쓰레빠, 외출도 쓰레빠. 장례식장도 검은 옷에 쓰레빠",0,1,0
2024.06.29. 17:22,푸마 신발이 대체적으로 편함 소프트폼인가 뭔가 들어가서 말캉하면서 충격도 잘잡아줌,0,1,0
2024.06.29. 17:16,아재의 상징,0,1,0
2024.06.29. 16:46,나이키보다 편한 신발 무지 많다~~,0,1,0
2024.06.29. 16:20,"일단 발볼이 좁게 나와서 거지같은데 농구화 , 테니스화는 그래도 신을만함.",0,1,0
2024.06.29. 15:56,아디다스가잘 만든다,0,1,0
2024.06.29. 15:24,나도 어제 실시간으로 폭락하는거 봤는데 아무리 그래도 그렇지 나이키가 이럴급인가?,0,1,0
2024.06.29. 14:50,나이키는 로고가 주는 이미지가 너무 강해서 안신게됌 스니커즈는 뉴발이지,0,1,0
2024.06.29. 13:23,프로스펙스가 최고지 ㅋㅋㅋ,0,1,0
2024.06.29. 13:22,"나이키 발바닥에서부터 발등 높이가 너무 낮아서 신으면 뜨겁고, 뛸때 발이랑 발목 구부리면, 그 사이가 너무 눌려서 아픔.",0,1,1
2024.06.29. 13:15,나이키. 이제 촌스러움ㅎㅋ,0,1,0
2024.06.29. 13:13,나이키 10년 신다가 그래도 안떨어져서 지겨워서 버렷는데.,0,1,0
2024.06.29. 12:44,그래도 런닝화는 나이키만한게 없던데,0,1,0
2024.06.29. 12:01,"연예인 콜라보, 한정판 발매가 의미하는 바는 대중성 하락과 혁신 동력 고갈이다. 조던이 현역이던 시절이 30년 전이잖아.",0,1,0
2024.06.29. 11:51,아디다스는 진짜 디자인구려서 못신겠고 그래도 나이키가 좋던데ᆢ,0,1,0
2024.06.29. 11:45,나이키 내구성이 많이 약하긴 함...,0,1,0
2024.06.29. 11:44,옛날 디자인 우려먹고있는 회사가 맞긴함 조던 덩크 맥스,0,1,0
2024.06.29. 11:43,그냥 나이키니까 신는게 더 크다고 봐야지~ 그런데 예전에는 별로였다가도 다시 찾아서 샀다면 요즘은 대체할 브랜드신발이 너무 많기에 떠난사람이 다시 안돌아오는것이라고 봄,0,1,0
2024.06.29. 11:43,나이키 별루. 예전만큼의 매력이 없음.,0,1,0
2024.06.29. 11:40,"아니 까놓고 조던, 맥스, 포스, 덩크 따라올 디자인이 있냐고 ㅋㅋ 운동화는 나이키가 맞아 대체가 없어 가끔 뉴발사서 신는정도지 다른건 내돈주고 사기가 아까움",0,1,0
2024.06.29. 11:19,그래두 에어맥스는 이쁘지 않나? ㅎ,0,1,0
2024.06.29. 11:15,적지 않은 사람들이 짝퉁 신고 다니는 현실 감안하면 이해될만 합니다.,0,1,0
2024.06.29. 11:14,아직도 90년대에 사고가 멈춰있는 사람이 많구마잉,0,1,0
2024.06.29. 15:40,솔직히 그냥 줘도 안신음.,1,3,0
2024.06.29. 14:56,나이 키 묻는것은 굉장한 실례입니다,1,3,0
2024.06.30. 09:45,요증 아식스신발 디자인 이쁜것많더라 서울시내 지하철등등서 많이들 신고다니더라,0,2,0
2024.06.29. 10:28,"발목 퇴행성 관절염있는 50대가 이야기합니다. 모든 메이커신발 다 신어본 경험자로 이야기하면 에어가 있는 나이키신발이 가장 관절에 무리가 안갑니다. 단, 그냥 나이키 포스신발말고 18만원 이상의 에어있는 런닝화가 좋습니다. 최악의 신발은 아디다스가 충격흡수가 가장 안되네요.",2,5,2
2024.06.29. 21:19,브랜드 이미지 문제인지는 모르지만 아식스가 진심 발편하다.... 신어본 사람만 평가할 수 있다... 나이키는 광고빨이고...,0,3,0
2024.06.29. 10:49,리셀 막으려고 노력했던 것도 자책골이지. 리셀이 활발해야 지들 가치가 더 오르는건데,0,3,0
2024.06.30. 07:52,"신발은 나이키, 차기 대통령은 이재명.",1,5,0
2024.06.30. 07:59,나이키 아디다스. 꼰대 브랜드나는. 스파이더. 다이나핏 입는다!,0,4,0
2024.06.29. 19:00,나이키 신는 사람들 운동선수+개꼰대들 끝~,0,4,0
